{
  "type": "Topology",
  "transform": {
    "scale": [0.036003600360036005, 0.017361589674592462],
    "translate": [-180, -89.99892578124998]
  },
  "objects": {
    "GE2": {
      "type": "Polygon",
      "arcs": [[0]],
      "id": 533
    }
  },
  "arcs":       [
                    [
                        [ 400.1769437,393.7564592],
                        [ 446.818412, 414.3332825 ],
                        [ 452.8163232, 436.9106727 ],
                        [ 459.9706669, 468.9118632 ],
                        [ 362.8473962, 468.6599836 ],
                        [ 363.200174, 445.3769948 ],
                        [ 331.7994421, 429.8551171 ],
                        [ 308.5136326, 376.234316 ],
                        [ 389.6616941, 351.5406036 ]
                    ]
                ]
}
